amfi_code,cagr_1yr,cagr_3yr,cagr_5yr,sharpe_ratio,beta,alpha_annual,r_squared,max_drawdown,score_ret,score_sha,score_alp,score_dd,composite_score
148567,0.20360678307711866,0.34162703083309065,0.263149802906119,1.4482911703262602,0.0237,0.2698,0.0005,-0.11265729075028275,0.9746797655821148,1.0,0.8775510204081632,0.7871809314306694,94.41002034575455
120505,0.29604659337893646,0.31517892672156345,0.2889388246767115,1.1801011976606492,0.0005,0.2926,0.0,-0.18188513572116294,0.9175240487065679,0.8815341293918952,0.9606413994169097,0.6552592932366204,88.91240675072397
120843,0.26657081760850154,0.2969188776792817,0.2628712605631647,1.3067439695428407,-0.0228,0.2733,0.0003,-0.1297396816518679,0.8780631410818365,0.9374752448561692,0.8903061224489797,0.7546284665524668,88.5991901034628
100033,0.5323239623092084,0.3244689799394218,0.2641284418136891,1.0936987435346308,0.0051,0.272,0.0,-0.16217208574644848,0.937600332784989,0.8433681165131145,0.8855685131195337,0.6928247822036594,87.44467489122026
119094,0.22261065131342206,0.3533436574912896,0.24535034300396563,0.9982309868636414,-0.0663,0.2608,0.0019,-0.20960883862039192,1.0,0.801197744531561,0.8447521865889213,0.6024285817677048,86.95526188540231
148569,0.3975176148971702,0.28392401896554875,0.2741707694597304,1.2349300257743299,0.0181,0.2827,0.0002,-0.1639674294693263,0.849980581275361,0.905753322944698,0.9245626822157434,0.6894035477980085,86.55711206165033
119551,0.6043734071403091,0.30348209143813354,0.2240207284794744,1.208266567372718,-0.0318,0.232,0.0009,-0.1501238549864533,0.8922465844701712,0.8939754410888826,0.739795918367347,0.7157840746656314,84.46288572547658
120504,0.13064279264417977,0.3314477418812227,0.2051168188415211,1.0265242847993004,0.0162,0.2119,0.0002,-0.12588275606922517,0.9526817972258964,0.8136955651585144,0.6665451895043732,0.7619782828217554,83.4688254620963
149323,0.21481222193726257,0.2687970659799688,0.25599707110077463,1.1321218524747247,-0.0025,0.266,0.0,-0.17248105753451382,0.8172904557984013,0.8603405148724432,0.8637026239067057,0.6731798481897541,82.507684638141
101206,0.4792412023860102,0.28669133034127126,0.20414973065696018,1.0272133278753697,0.0211,0.214,0.0003,-0.11291596329323073,0.8559608838645488,0.8139999318247313,0.674198250728863,0.7866880010839877,80.00927833474103
149324,0.6513871892998797,0.26931964862637314,0.28187713206128606,0.9497958246616032,0.0115,0.3006,0.0,-0.31171900300634214,0.8184197838461137,0.7798027848271449,0.9897959183673468,0.4078458937218123,80.00525220322396
119598,0.8277605861507404,0.2607049120756515,0.2841391272219287,0.9453082575156094,-0.0232,0.3034,0.0001,-0.2870600572176455,0.7998028939104804,0.7778205200035255,1.0,0.45483635725496807,79.87509492907466
118632,0.339810484550213,0.2256323910129454,0.20898396688116905,1.0816591793457044,-0.0084,0.2183,0.0001,-0.17414075086657232,0.724009367254708,0.8380499555125104,0.6898688046647231,0.6700171112396583,74.59942056125469
119552,0.05706100044974027,0.15731340547715855,0.19152594852214078,0.9532794968660105,-0.0262,0.1987,0.0006,-0.11803493502764295,0.5763685164004448,0.7813416054493572,0.6184402332361516,0.7769332104017593,66.63312558823912
102885,0.20207703983094838,0.19644846512354808,0.15622759053747926,0.8170993373494371,-0.0195,0.1705,0.0004,-0.1085986215250232,0.6609413984348054,0.7211875997036006,0.5156705539358601,0.7949151934651041,66.33584694186847
102887,0.135831349444816,0.24769411664629448,0.14919507520880848,0.6195175900829829,0.0167,0.1621,0.0002,-0.21285398874796857,0.7716858940397079,0.6339110566116062,0.4850583090379009,0.5962445741448239,65.54837938214276
148568,0.14269394138778924,0.14654294897613962,0.1919013572159991,0.9262873467360148,-0.0264,0.2087,0.0005,-0.1527259422823477,0.5530930044848543,0.7694185326627337,0.6548833819241983,0.7108254973916645,65.4121987716768
125497,0.2867535802656873,0.18110271740927808,0.165325903377463,0.7757902498211209,0.0488,0.1773,0.0018,-0.15200013055606398,0.6277784462662184,0.7029403961656441,0.5404518950437319,0.712208615297358,64.13047378946628
118633,0.25539980483954094,0.21245440307560015,0.14526572994594433,0.6452074382933216,-0.0366,0.1564,0.0011,-0.18629743138595511,0.6955310557522967,0.6452588717583806,0.46428571428571436,0.6468511552606264,62.933234221163836
118635,0.22493224932249345,0.1940291916548964,0.14137091916219702,0.664856998549062,-0.0014,0.1514,0.0,-0.11511457598975516,0.6557132237106099,0.6539385484801686,0.44606413994169103,0.7824982911659375,62.592951113322655
120503,0.08489081269294418,0.13981096072029464,0.16257351134484588,0.7979728586052847,-0.0403,0.177,0.0014,-0.13897862823061635,0.5385448307050603,0.7127389804894939,0.5393586005830904,0.7370225889122126,61.08136054367117
120506,0.4181904829701364,0.1783818890140243,0.1487668197926224,0.6488787755249532,0.0419,0.1625,0.0013,-0.1982565826298267,0.6218985957948837,0.6468805884732836,0.4865160349854228,0.6240616140844484,60.2532983265468
149322,0.1811115252275146,0.17963796293180545,0.11887955009317808,0.4640374492204776,-0.0041,0.1317,0.0,-0.14111986534883125,0.6246130363051269,0.5652317914382098,0.37427113702623915,0.7329422147720724,56.75632008359688
120841,0.16837098075385626,0.17203488748597162,0.11736215772518999,0.4942725378672354,0.0364,0.1304,0.0012,-0.1757361416468729,0.6081823981870584,0.578587347068611,0.369533527696793,0.6669769102138217,55.74535599561475
119093,0.197667410165155,0.20178170681889962,0.06921395355103566,0.1296144979566933,0.0259,0.0823,0.0006,-0.21751396370148224,0.6724668087660328,0.41750924357773195,0.19424198250728864,0.5873644547352229,49.18243385547127
118634,0.15811221971300937,0.07248002533762121,0.14358247892501508,0.44843400890899143,0.1035,0.175,0.0028,-0.2334488614483311,0.3930392071839949,0.5583393818428423,0.532069970845481,0.556998670330072,48.6831358628554
125498,0.15443720834451846,0.11658774841922281,0.09990638711344313,0.30061192104254786,0.0091,0.1199,0.0,-0.21117279560132118,0.4883582713349213,0.4930428602758692,0.3312682215743441,0.5994482814698118,46.94546390785792
120507,0.0742505077613469,0.07384828600996673,0.06331473803574905,0.49572339295331147,-0.0004,0.0675,0.0001,-0.0009773140045925555,0.39599608905616057,0.57922822416476,0.14030612244897964,1.0,46.02281273616882
120844,0.07120323042122512,0.06702548562464972,0.06055280871442981,-0.08874729621557495,-0.0004,0.0646,0.0001,-0.0011629327956168556,0.3812516655815271,0.3210536610029904,0.12973760932944609,0.9996462819982072,37.47289145992179
120842,0.2250195657587366,0.06902588140180677,0.05510668933051677,0.07599984804658912,0.0181,0.078,0.0002,-0.24003511326274884,0.3855746240134851,0.3938263813296772,0.1785714285714286,0.5444478083281998,36.253683055140286
119120,0.055219955107626895,0.05913772991980504,0.051087713536461576,-0.2265753866279158,-0.0064,0.0562,0.0004,-0.04328728923970093,0.3642058187431864,0.2601717251026174,0.09912536443148688,0.9193734652969052,33.549626444404765
119092,0.016091186722522632,0.012286032984341722,0.05721639468307149,0.030784850954585913,0.0097,0.069,0.0001,-0.1440161790933726,0.26295688559129565,0.373853844915254,0.14577259475218662,0.7274229550859656,31.92357221701283
118636,0.10454939683040276,0.03828361901239585,0.045985730729017016,-0.35662950751436784,0.0013,0.0507,0.0,-0.08316361763638702,0.31913900965589015,0.2027237358886612,0.07908163265306123,0.8433845251606423,28.862750367563088
101207,-0.23986031710270628,-0.04693651885181194,0.07187271340560786,0.16266076928646758,-0.0653,0.109,0.0011,-0.3544691649336603,0.13497389705189,0.4321065652617702,0.2915451895043732,0.32638053253824617,27.456861955398637
101208,0.0723664530138024,0.06315130287745907,0.057087143710933486,-0.8155673679088286,0.0003,0.0609,0.0,-0.0016224980244717857,0.3728793568788384,0.0,0.1162536443148688,0.9987705274824763,27.227952436275675
100025,0.03704968580461343,0.039024959738822806,0.03986647630120066,-0.5670947928476847,0.0012,0.0428,0.0,-0.04308263824636349,0.32074108519556954,0.10975622852073338,0.050291545189504364,0.9197634513539675,26.325795680774547
100016,-0.02224270997710287,0.010306975687293773,0.02529046249620115,-0.20151706755966933,-0.0583,0.0375,0.0027,-0.24734440880673303,0.2586800407152481,0.27124057885166036,0.03097667638483964,0.5305191031574342,24.409143553430866
102886,-0.16797480944407306,-0.009514413663362364,0.008032695699041303,-0.20583160785470306,-0.0421,0.029,0.0009,-0.2800112356639287,0.21584499616805455,0.2693347440911557,0.0,0.4682686992135396,21.396529161592248
119599,0.1394780335518997,-0.011676548884575366,0.021910435832351416,-0.05718662582818005,0.062,0.0488,0.001,-0.5257422117012851,0.21117251045682214,0.3349947575222101,0.07215743440233237,0.0,19.939891831985836
119095,-0.427976145588544,-0.109394027509082,0.009616830231914841,-0.07597357117478937,-0.067,0.048,0.0012,-0.5167775370852656,0.0,0.3266961182612712,0.06924198250728864,0.017083220801100404,11.356555405994914
